model_AIC,model_BIC,model_logLik,maineffect_intercept,maineffect_slope
64935.4682027456,65008.0044340342,-32459.7341013728,1.07722167664311,2.85260165106239e-05
