model_AIC,model_BIC,model_logLik,maineffect_intercept,maineffect_slope
75826.0644050793,75899.8477706565,-37905.0322025396,0.94583979278042,2.39833604570846e-05
