model_AIC,model_BIC,model_logLik,maineffect_intercept,maineffect_slope
68690.0115852133,68762.8786246847,-34337.0057926067,0.221879035912342,0.000523043688251745
