model_AIC,model_BIC,model_logLik,maineffect_intercept,maineffect_slope
2164.47972863081,2208.5762985975,-1074.23986431541,-0.525250709767914,-0.00720120646288124
