model_AIC,model_BIC,model_logLik,maineffect_intercept,maineffect_slope
58308.4845602882,58380.3731369292,-29146.2422801441,0.733109532444643,0.0826611703842225
