model_AIC,model_BIC,model_logLik,maineffect_intercept,maineffect_slope
7586.23844090688,7640.62970084359,-3785.11922045344,0.515863738421304,0.000215217306061187
