model_AIC,model_BIC,model_logLik,maineffect_intercept,maineffect_slope
66880.3414328745,66953.6907043271,-33432.1707164372,0.928776009703782,1.55106520262686e-05
