model_AIC,model_BIC,model_logLik,maineffect_intercept,maineffect_slope
14848.6835165549,14910.828981839,-7416.34175827745,0.793115088344399,1.58416129836978e-05
