model_AIC,model_BIC,model_logLik,maineffect_intercept,maineffect_slope
21230.735357778,21293.5562795553,-10607.367678889,-1.01588792623041,0.981600033222728
