model_AIC,model_BIC,model_logLik,maineffect_intercept,maineffect_slope
7457.59863272554,7521.91815013091,-3720.79931636277,1.68275771140599,0.000108853178663493
