model_AIC,model_BIC,model_logLik,maineffect_intercept,maineffect_slope
6950.46998275064,7004.16416391549,-3467.23499137532,0.469935739450498,0.000817190083867282
