model_AIC,model_BIC,model_logLik,maineffect_intercept,maineffect_slope
24191.3311813756,24256.2401966933,-12087.6655906878,-0.319189713990984,-0.422074811317771
